chr,pos,ref,alt,gene,allele_freq,homozygote_count,filter,dbsnp_id
11,5225526,T,C,HBB,6.982099293830477e-07,0,PASS,
11,5225526,T,A,HBB,6.982099293830477e-07,0,PASS,
11,5225527,C,T,HBB,1.66415194816e-05,0,PASS,rs755824656
11,5225528,C,T,HBB,6.824811191598384e-07,0,PASS,rs866134778
11,5225529,C,T,HBB,6.769004996879489e-07,0,PASS,
11,5225531,C,A,HBB,2.0217131997e-06,0,PASS,rs1554917441
11,5225531,C,G,HBB,6.739043999218271e-07,0,PASS,
11,5225533,G,C,HBB,1.51843846429e-05,0,PASS,rs1490059160
11,5225533,G,GT,HBB,6.601392101566379e-07,0,PASS,
11,5225536,T,C,HBB,1.83532662914e-05,0,PASS,rs1046868746
11,5225537,A,C,HBB,6.525123683719425e-07,0,PASS,
11,5225539,T,C,HBB,5.1847320012e-06,0,PASS,rs1345009528
11,5225540,A,C,HBB,6.452045814686921e-07,0,PASS,
11,5225541,G,C,HBB,3.1747684641e-06,0,PASS,rs1316817965
11,5225542,T,A,HBB,1.01352549776e-05,0,PASS,rs537944366
11,5225542,T,C,HBB,0.0001026119166639,0,PASS,rs537944366
11,5225545,G,A,HBB,6.295365981101312e-07,0,PASS,
11,5225545,G,T,HBB,1.8887477224e-06,0,PASS,rs886048393
11,5225547,C,T,HBB,6.256827763296698e-07,0,PASS,rs1201877853
11,5225548,T,C,HBB,6.250320328916857e-07,0,PASS,rs751286983
11,5225550,A,G,HBB,9.9973756888e-06,0,PASS,rs759337708
11,5225551,G,A,HBB,1.8699697812e-06,0,PASS,rs1158183534
11,5225553,G,A,HBB,1.244609286e-06,0,PASS,
11,5225554,A,G,HBB,6.216214872169758e-07,0,PASS,
11,5225555,A,G,HBB,6.211604519563449e-07,0,PASS,rs1345546304
11,5225556,C,T,HBB,6.20927491813071e-07,0,PASS,
11,5225556,C,A,HBB,3.1048649507e-06,0,PASS,rs1847520603
11,5225558,A,C,HBB,6.206045681461052e-07,0,PASS,
11,5225561,G,C,HBB,6.204921247139531e-07,0,PASS,rs369307975
11,5225563,A,G,HBB,6.203173791838856e-07,0,PASS,
11,5225564,C,T,HBB,3.1008328837e-06,1,PASS,rs200399660
11,5225564,C,A,HBB,7.4419989209e-06,0,PASS,
11,5225565,C,A,HBB,2.4801341256e-06,0,PASS,rs1364427740
11,5225565,C,G,HBB,6.199881706257045e-07,0,PASS,rs1364427740
11,5225570,A,C,HBB,6.197968058151816e-07,0,PASS,rs1847520827
11,5225571,T,C,HBB,1.9212676896e-05,0,PASS,rs752593184
11,5225573,G,C,HBB,1.2394983502e-06,0,PASS,rs755997419
11,5225575,A,G,HBB,6.19686958935824e-07,0,PASS,
11,5225576,AT,A,HBB,6.196232195126788e-07,0,PASS,
11,5225576,A,G,HBB,6.196232195126788e-07,0,PASS,
11,5225577,T,C,HBB,3.717923614e-06,0,PASS,
11,5225579,G,C,HBB,6.197676119362284e-07,0,PASS,rs1564873944
11,5225580,G,T,HBB,3.7179143987e-06,0,PASS,rs1348310843
11,5225581,A,G,HBB,6.196163087969406e-07,0,PASS,rs1222836202
11,5225584,G,T,HBB,6.196608472250967e-07,0,PASS,rs777802495
11,5225584,G,A,HBB,4.9569181848e-06,0,PASS,rs777802495
11,5225585,C,T,HBB,1.8586922984e-06,0,PASS,
11,5225587,A,G,HBB,4.9565926399e-06,0,PASS,rs753836653
11,5225588,G,A,HBB,6.195464424404182e-07,0,PASS,rs1220042167
11,5225589,A,G,HBB,1.2390560375e-06,0,PASS,rs757391103
11,5225590,A,C,HBB,6.195142017435608e-07,0,PASS,
11,5225592,G,C,HBB,1.2390790668e-06,0,PASS,rs34809925
11,5225592,G,A,HBB,3.7175089715e-06,0,PASS,rs34809925
11,5225592,G,T,HBB,1.2390790668e-06,0,PASS,rs34809925
11,5225593,C,T,HBB,8.6747788241e-06,0,PASS,rs779043171
11,5225593,C,A,HBB,6.195817575303966e-07,0,PASS,
11,5225594,G,A,HBB,8.0548123786e-06,0,PASS,rs372503204
11,5225596,G,A,HBB,1.2390882788e-06,0,PASS,
11,5225597,C,T,HBB,1.8585863592e-06,0,PASS,rs772342393
11,5225598,T,C,HBB,1.2390621786e-06,0,PASS,
11,5225599,T,C,HBB,6.1959327419109e-07,0,PASS,
11,5225601,G,A,HBB,6.195295540378459e-07,0,PASS,
11,5225607,C,T,HBB,8.0544131368e-06,0,PASS,rs35020585
11,5225610,G,A,HBB,0.0002880787440014,1,PASS,rs36020563
11,5225611,T,C,HBB,6.195234130288251e-07,0,PASS,rs33918338
11,5225612,G,A,HBB,8.054642696e-06,0,PASS,rs33929415
11,5225615,C,T,HBB,1.2390959555e-06,0,PASS,rs33931806
11,5225616,C,A,HBB,1.79678932335e-05,0,PASS,rs1268853687
11,5225616,C,T,HBB,6.195372304703279e-07,0,PASS,
11,5225622,A,G,HBB,6.195103637888758e-07,0,PASS,rs34240441
11,5225626,G,A,HBB,6.195403010965864e-07,0,PASS,rs35594230
11,5225628,C,T,HBB,1.2390990263e-06,0,PASS,rs777218911
11,5225630,C,T,HBB,6.19528018774177e-07,0,PASS,rs748704616
11,5225632,C,T,HBB,2.478320888e-06,0,PASS,rs33949486
11,5225635,G,A,HBB,4.3370346826e-06,0,PASS,rs35669628
11,5225637,C,T,HBB,6.195510485281946e-07,0,PASS,
11,5225638,A,G,HBB,1.42506806248e-05,0,PASS,rs33966761
11,5225638,A,T,HBB,6.195948097781974e-07,0,PASS,rs33966761
11,5225638,A,C,HBB,6.195495131579926e-07,0,PASS,rs33966761
11,5225640,C,T,HBB,1.2391972975e-06,0,PASS,rs113082294
11,5225640,C,G,HBB,0.0042960308491445,22,PASS,rs113082294
11,5225642,C,A,HBB,1.239160444e-06,0,PASS,rs34095019
11,5225643,T,C,HBB,6.195249482696668e-07,0,PASS,rs33946775
11,5225645,TCTGATAGGCAGCCTGCA,T,HBB,6.195418364211298e-07,0,PASS,rs750606223
11,5225645,T,G,HBB,6.195418364211298e-07,0,PASS,rs33953406
11,5225648,G,C,HBB,6.195525839060065e-07,0,PASS,rs33910209
11,5225653,G,A,HBB,1.23918654838e-05,0,PASS,rs111645889
11,5225654,C,T,HBB,6.195817575303966e-07,0,PASS,rs35939430
11,5225655,A,T,HBB,3.0977859504e-06,0,PASS,rs1248780802
11,5225657,C,T,HBB,1.8587199367e-06,0,PASS,rs34139813
11,5225658,C,G,HBB,1.2392141894e-06,0,PASS,rs1437278962
11,5225658,C,T,HBB,6.1956256404728e-07,0,PASS,
11,5225660,G,A,HBB,6.196308982665206e-07,0,PASS,rs33971634
11,5225661,C,T,HBB,1.239180406e-06,0,PASS,rs1234756429
11,5225662,A,G,HBB,7.435165358e-06,0,PASS,rs33925391
11,5225662,A,T,HBB,1.2391036324e-06,0,PASS,rs33925391
11,5225662,A,C,HBB,1.8586554486e-06,0,PASS,rs33925391
11,5225663,C,G,HBB,6.195571900851023e-07,0,PASS,rs35658323
11,5225664,T,A,HBB,3.7173339281e-06,0,PASS,rs1554917555
11,5225665,G,A,HBB,1.8587245432e-06,0,PASS,rs1181594379
11,5225666,G,GT,HBB,6.195725445100916e-07,0,PASS,rs281864544
11,5225666,G,C,HBB,6.195725445100916e-07,0,PASS,rs758591462
11,5225666,G,T,HBB,6.195725445100916e-07,0,PASS,
11,5225667,T,C,HBB,1.2392433675e-06,0,PASS,rs1445215408
11,5225667,T,G,HBB,1.2392433675e-06,0,PASS,
11,5225668,G,C,HBB,6.196562395045725e-07,0,PASS,rs33983276
11,5225668,G,T,HBB,6.8157202729e-06,0,PASS,rs33983276
11,5225670,G,A,HBB,2.4783792391e-06,0,PASS,rs780307221
11,5225670,G,T,HBB,2.4783823102e-06,0,PASS,rs780307221
11,5225671,G,A,HBB,1.2391558374e-06,0,PASS,rs33935383
11,5225671,G,T,HBB,1.30120876097e-05,0,PASS,rs33935383
11,5225677,T,A,HBB,6.19543371753283e-07,0,PASS,rs33987957
11,5225678,C,A,HBB,1.2390821375e-06,0,PASS,rs33946267
11,5225678,C,T,HBB,8.674209098e-06,0,PASS,rs33946267
11,5225678,C,G,HBB,0.0004442114967139,8,PASS,rs33946267
11,5225679,T,G,HBB,6.195426040862552e-07,0,PASS,rs34726542
11,5225682,G,T,HBB,2.4782410436e-06,0,PASS,
11,5225683,C,T,HBB,4.3370185599e-06,0,PASS,rs33947020
11,5225683,C,G,HBB,6.195740799944486e-07,0,PASS,rs33947020
11,5225685,A,G,HBB,1.8587314529e-06,0,PASS,rs1445341934
11,5225686,A,C,HBB,1.2390575728e-06,0,PASS,rs33928092
11,5225686,A,G,HBB,2.4782963199e-06,0,PASS,rs33928092
11,5225687,A,C,HBB,6.195326245880108e-07,0,PASS,rs63750530
11,5225689,T,C,HBB,1.2392172608e-06,0,PASS,rs33935673
11,5225692,T,C,HBB,6.195610286200021e-07,0,PASS,rs33978082
11,5225697,C,T,HBB,1.8586946016e-06,0,PASS,
11,5225697,C,G,HBB,6.195648672024664e-07,0,PASS,
11,5225699,G,T,HBB,3.7173108972e-06,0,PASS,rs33917394
11,5225700,C,G,HBB,6.195671703747762e-07,0,PASS,rs1455086436
11,5225701,A,T,HBB,6.1957945424e-06,0,PASS,rs34484056
11,5225702,C,T,HBB,6.195472101169581e-07,0,PASS,rs34400584
11,5225703,A,G,HBB,6.195748477394811e-07,0,PASS,rs33930977
11,5225704,C,A,HBB,6.195464424404182e-07,0,PASS,rs33932908
11,5225707,A,G,HBB,6.195295540378459e-07,0,PASS,rs35871407
11,5225708,C,T,HBB,6.195518162161492e-07,0,PASS,
11,5225709,C,A,HBB,1.2390836728e-06,0,PASS,
11,5225709,C,T,HBB,1.8586255092e-06,0,PASS,rs1215164743
11,5225710,A,G,HBB,1.2391235926e-06,0,PASS,rs35256489
11,5225711,G,A,HBB,1.8586531455e-06,0,PASS,rs1310721664
11,5225711,G,C,HBB,6.195963453729165e-07,0,PASS,rs1310721664
11,5225714,C,T,HBB,1.2391097739e-06,0,PASS,rs33969677
11,5225715,G,A,HBB,1.85880976693e-05,0,PASS,rs34933751
11,5225717,T,G,HBB,6.195203425699686e-07,0,PASS,rs33958637
11,5225718,G,GC,HBB,3.0979970829e-06,0,PASS,rs35225141
11,5225718,G,A,HBB,4.8944775424e-05,0,PASS,rs193922562
11,5225721,C,G,HBB,6.195533515977661e-07,0,PASS,
11,5225721,C,T,HBB,6.195533515977661e-07,0,PASS,rs1461569926
11,5225726,GC,G,HBB,6.195533515977661e-07,0,PASS,rs63750692
11,5225727,C,T,HBB,1.2391297344e-06,0,PASS,rs33952266
11,5225727,C,A,HBB,1.2391297344e-06,0,PASS,rs33952266
11,5225728,T,G,HBB,1.2393140149e-06,0,PASS,rs33914668
11,5225728,T,C,HBB,1.30118457365e-05,0,PASS,rs33914668
11,5225729,G,T,HBB,1.8588926947e-06,0,PASS,rs33913413
11,5225729,G,A,HBB,3.77974847942e-05,0,PASS,rs33913413
11,5225733,G,T,HBB,6.1960248782e-06,0,PASS,rs34483965
11,5225733,G,A,HBB,3.7173431405e-06,0,PASS,rs34483965
11,5225736,G,A,HBB,6.196378093077035e-07,0,PASS,rs751809624
11,5225737,A,G,HBB,6.196270588658098e-07,0,PASS,rs755236703
11,5225738,A,G,HBB,7.436059186e-06,0,PASS,rs781604042
11,5225740,A,C,HBB,4.3374485392e-06,0,PASS,rs35703285
11,5225741,T,C,HBB,5.5769545366e-06,0,PASS,rs2133586425
11,5225744,G,A,HBB,1.8590240123e-06,0,PASS,rs1471129903
11,5225745,A,T,HBB,0.0003501361502871,0,PASS,rs191535077
11,5225746,G,C,HBB,6.197453342472511e-07,0,PASS,rs756657263
11,5225746,G,A,HBB,6.197453342472511e-07,0,PASS,rs756657263
11,5225747,G,A,HBB,1.2395413696e-06,0,PASS,rs778472232
11,5225748,T,C,HBB,6.198144771307052e-07,0,PASS,rs1847532871
11,5225750,T,C,HBB,3.718582625e-06,0,PASS,rs990408905
11,5225750,T,G,HBB,1.2396181975e-06,0,PASS,rs990408905
11,5225751,G,C,HBB,1.2397180881e-05,0,PASS,rs745321944
11,5225753,A,C,HBB,6.198290759340205e-07,0,PASS,rs1280140490
11,5225753,A,G,HBB,6.198290759340205e-07,0,PASS,rs1280140490
11,5225754,C,G,HBB,2.4794699884e-06,0,PASS,rs771736852
11,5225754,C,T,HBB,1.5496687428e-05,0,PASS,rs771736852
11,5225755,A,T,HBB,6.198567387105492e-07,0,PASS,rs1847533217
11,5225755,A,G,HBB,6.198567387105492e-07,0,PASS,rs1847533217
11,5225756,T,G,HBB,6.1983061269e-05,0,PASS,rs193922558
11,5225757,G,A,HBB,6.8191765162e-06,0,PASS,rs578102677
11,5225762,G,A,HBB,9.927529038e-06,0,PASS,rs908362696
11,5225763,C,A,HBB,9.864221167e-05,0,PASS,rs193922559
11,5225764,A,C,HBB,1.24099965e-06,0,PASS,
11,5225765,A,G,HBB,3.1020179247e-06,0,PASS,rs1446409832
11,5225767,AG,A,HBB,8.0705740661e-06,0,PASS,rs746631999
11,5225768,G,A,HBB,6.2075789573e-06,0,PASS,rs761649200
11,5225769,G,A,HBB,6.213101940848784e-07,0,PASS,rs769673434
11,5225769,G,T,HBB,6.213109661385523e-07,0,PASS,
11,5225769,G,C,HBB,6.213101940848784e-07,0,PASS,rs769673434
11,5225770,G,A,HBB,6.215388057753385e-07,0,PASS,rs1847533762
11,5225771,C,G,HBB,0.0005113891267362,13,PASS,rs140033163
11,5225772,C,G,HBB,1.2453920494e-06,0,PASS,rs1554917642
11,5225773,TA,T,HBB,6.290692919825119e-07,0,PASS,
11,5225775,G,C,HBB,6.232199280804203e-07,0,PASS,
11,5225776,C,T,HBB,6.233084965674401e-07,0,PASS,rs762957058
11,5225776,C,G,HBB,1.2466169931e-06,0,PASS,rs762957058
11,5225776,C,A,HBB,6.233084965674401e-07,0,PASS,rs762957058
11,5225779,G,A,HBB,1.06372461296e-05,0,PASS,rs2133586497
11,5225780,G,A,HBB,1.2540065509e-06,0,PASS,
11,5225781,A,T,HBB,6.283901649398505e-07,0,PASS,
11,5225782,C,A,HBB,6.282890934039698e-07,0,PASS,rs2133586502
11,5225782,C,T,HBB,6.282890934039698e-07,0,PASS,
11,5225790,A,C,HBB,1.2829872047e-06,0,PASS,
11,5225793,C,G,HBB,3.2856649068e-06,0,PASS,rs1847534048
11,5225795,A,G,HBB,6.560818790185015e-07,0,PASS,rs1847534105
11,5225796,G,T,HBB,6.579181102486535e-07,0,PASS,
11,5225796,G,C,HBB,0.0001736901525578,0,PASS,rs193922560
11,5225799,T,A,HBB,6.663965539301403e-07,0,PASS,rs2133586528
11,5226484,A,G,HBB,2.5617816337e-06,0,PASS,
11,5226487,C,G,HBB,8.414165415760742e-07,0,PASS,rs1847547444
11,5226487,CTG,C,HBB,8.414165415760742e-07,0,PASS,rs1481385514
11,5226488,T,A,HBB,8.3908667094e-06,0,PASS,rs996887983
11,5226490,T,C,HBB,8.30065641590937e-07,0,PASS,
11,5226492,C,T,HBB,1.14456885726e-05,0,PASS,rs1029676980
11,5226494,C,G,HBB,8.045647787285946e-07,0,PASS,
11,5226494,C,A,HBB,1.52867799926e-05,0,PASS,rs2133587552
11,5226494,C,T,HBB,1.6091295574e-06,0,PASS,
11,5226495,T,C,HBB,7.953412093322157e-07,0,PASS,
11,5226496,G,T,HBB,7.819843321619208e-07,0,PASS,rs7946748
11,5226496,G,A,HBB,0.1150281400051334,9166,PASS,rs7946748
11,5226497,T,C,HBB,1.5533208446e-06,0,PASS,
11,5226500,C,T,HBB,7.560773497371875e-07,0,PASS,rs2133587565
11,5226501,T,G,HBB,7.513373805373565e-07,0,PASS,rs1437595362
11,5226503,A,C,HBB,0.4576297728025198,143891,PASS,rs7480526
11,5226503,A,G,HBB,7.445328949523648e-07,0,PASS,rs7480526
11,5226505,C,T,HBB,7.32343205319741e-07,0,PASS,
11,5226506,C,T,HBB,5.8262665575e-06,0,PASS,rs1015991895
11,5226506,C,G,HBB,7.282196776608419e-07,0,PASS,
11,5226507,C,A,HBB,7.188452469952269e-07,0,PASS,
11,5226507,C,G,HBB,4.60061619503e-05,0,PASS,rs373152208
11,5226508,C,T,HBB,2.12070486574e-05,0,PASS,rs111559058
11,5226511,C,T,HBB,2.0917263854e-06,0,PASS,
11,5226512,C,G,HBB,6.916729493626234e-07,0,PASS,rs1847548262
11,5226512,C,T,HBB,2.766917626e-06,0,PASS,rs1847548262
11,5226514,A,G,HBB,7.5446540638e-06,0,PASS,rs1375672361
11,5226514,A,C,HBB,6.859331571856986e-07,0,PASS,rs1375672361
11,5226515,T,C,HBB,1.3651280763e-06,0,PASS,
11,5226515,T,G,HBB,6.8256403815806e-07,0,PASS,
11,5226516,G,T,HBB,6.813372196808343e-07,0,PASS,
11,5226519,A,C,HBB,6.670882664510637e-07,0,PASS,
11,5226519,A,G,HBB,4.6699854696e-06,0,PASS,rs974387932
11,5226521,G,T,HBB,1.3247331656e-06,0,PASS,rs1238888453
11,5226523,A,C,HBB,6.57415515532099e-07,0,PASS,
11,5226524,C,A,HBB,6.511646079012314e-07,0,PASS,
11,5226525,T,C,HBB,6.505088931070777e-07,0,PASS,
11,5226527,A,T,HBB,6.502965352200603e-07,0,PASS,rs368176939
11,5226529,C,G,HBB,2.5817578156e-06,0,PASS,rs751644989
11,5226529,C,T,HBB,1.2908805741e-06,0,PASS,
11,5226530,C,T,HBB,6.440991500467616e-07,0,PASS,rs1589892198
11,5226530,C,G,HBB,2.5765924307e-06,0,PASS,rs1589892198
11,5226532,T,G,HBB,6.394924987529896e-07,0,PASS,rs1352476647
11,5226532,T,C,HBB,2.5579601802e-06,0,PASS,rs1352476647
11,5226533,A,G,HBB,1.2764431146e-06,0,PASS,
11,5226539,G,C,HBB,6.327071641432195e-07,0,PASS,rs1435202349
11,5226541,A,T,HBB,6.318077282721322e-07,0,PASS,rs1157248137
11,5226543,G,A,HBB,1.8887263185e-06,0,PASS,rs759795721
11,5226544,G,T,HBB,6.282369910966254e-07,0,PASS,
11,5226545,G,T,HBB,1.8827427796e-06,0,PASS,rs1847548898
11,5226545,G,A,HBB,1.2550704847e-06,0,PASS,rs1847548898
11,5226546,A,T,HBB,6.264667151969549e-07,0,PASS,
11,5226551,A,G,HBB,6.232424562733092e-07,0,PASS,rs368604295
11,5226551,A,C,HBB,0.0019719465056534,70,PASS,rs368604295
11,5226554,C,T,HBB,3.1119570101e-06,0,PASS,rs1320802438
11,5226555,A,C,HBB,6.218804919820948e-07,0,PASS,rs1847549061
11,5226557,C,T,HBB,1.2429169271e-06,0,PASS,
11,5226558,A,G,HBB,1.2427485621e-06,0,PASS,rs1363813923
11,5226559,A,G,HBB,1.864190028e-06,0,PASS,rs1847549131
11,5226561,C,G,HBB,0.8171928102341707,542678,PASS,rs10768683
11,5226561,C,A,HBB,2.4843825501e-06,0,PASS,rs10768683
11,5226561,C,T,HBB,1.8632892272e-06,0,PASS,rs10768683
11,5226562,G,A,HBB,1.80117511148e-05,0,PASS,rs756567448
11,5226562,G,T,HBB,6.21095637548461e-07,0,PASS,
11,5226563,T,C,HBB,6.2063692243528e-07,0,PASS,
11,5226563,T,TCC,HBB,3.1031846121e-06,0,PASS,rs770630710
11,5226566,C,G,HBB,1.8602713019e-06,0,PASS,rs778382385
11,5226567,A,G,HBB,1.8596324622e-06,0,PASS,
11,5226568,T,C,HBB,3.0993182739e-06,0,PASS,rs1277597344
11,5226568,T,A,HBB,6.198636547904923e-07,0,PASS,
11,5226569,A,G,HBB,1.8595356367e-06,0,PASS,rs1847549511
11,5226570,G,A,HBB,4.9598315641e-06,0,PASS,rs35614355
11,5226570,G,C,HBB,1.239957891e-06,0,PASS,
11,5226572,C,T,HBB,4.3390993765e-06,0,PASS,rs35099082
11,5226573,T,C,HBB,4.3394114022e-06,0,PASS,rs1468286413
11,5226574,C,T,HBB,6.198613494133633e-07,0,PASS,rs754412212
11,5226576,C,A,HBB,6.198044888720302e-07,0,PASS,rs33945777
11,5226576,C,G,HBB,6.197591615898062e-07,0,PASS,rs33945777
11,5226576,C,T,HBB,3.22298334213e-05,0,PASS,rs33945777
11,5226577,C,G,HBB,3.7176794245e-06,0,PASS,rs33914944
11,5226577,C,T,HBB,3.7176794245e-06,0,PASS,rs33914944
11,5226577,C,A,HBB,6.196132374172042e-07,0,PASS,rs33914944
11,5226578,C,T,HBB,3.0978281746e-06,0,PASS,rs33911434
11,5226578,C,G,HBB,6.19565634924667e-07,0,PASS,rs33911434
11,5226582,A,C,HBB,6.196201480644306e-07,0,PASS,rs33921589
11,5226583,G,T,HBB,6.196462563451776e-07,0,PASS,rs34227486
11,5226586,C,T,HBB,5.5765675111e-06,0,PASS,rs35209591
11,5226589,A,C,HBB,1.8585932679e-06,0,PASS,rs768336186
11,5226589,A,G,HBB,6.195310893091237e-07,0,PASS,rs768336186
11,5226592,A,T,HBB,6.195525839060065e-07,0,PASS,rs34013622
11,5226595,C,T,HBB,1.2391005616e-06,0,PASS,rs1490751764
11,5226596,A,C,HBB,6.195172721415473e-07,0,PASS,rs33985510
11,5226597,C,T,HBB,1.2390713903e-06,0,PASS,rs33933298
11,5226598,G,A,HBB,0.0002088034508952,1,PASS,rs34515413
11,5226601,C,T,HBB,2.4782011233e-06,0,PASS,
11,5226606,T,C,HBB,3.0978780774e-06,0,PASS,rs33914359
11,5226607,G,A,HBB,1.2391312698e-06,0,PASS,rs747900373
11,5226610,A,G,HBB,4.9562241501e-06,0,PASS,
11,5226613,G,A,HBB,2.4780782998e-06,0,PASS,rs34083951
11,5226616,C,A,HBB,6.195349275206088e-07,0,PASS,
11,5226616,C,T,HBB,1.239069855e-06,0,PASS,rs1589892429
11,5226617,A,C,HBB,6.195218777955924e-07,0,PASS,rs33917785
11,5226618,G,A,HBB,0.0001431209030867,1,PASS,rs769583496
11,5226619,C,G,HBB,4.9562057271e-06,0,PASS,rs35002698
11,5226621,C,T,HBB,6.195295540378459e-07,0,PASS,rs33913712
11,5226625,C,T,HBB,6.195295540378459e-07,0,PASS,
11,5226627,G,T,HBB,6.195249482696668e-07,0,PASS,
11,5226627,G,A,HBB,1.2391404825e-06,0,PASS,rs34672591
11,5226629,G,A,HBB,1.92054875653e-05,0,PASS,rs33993568
11,5226629,G,T,HBB,6.195318569476161e-07,0,PASS,rs33993568
11,5226630,T,G,HBB,6.07188617567e-05,0,PASS,rs35553496
11,5226631,G,A,HBB,6.1957331225e-06,0,PASS,rs1367496536
11,5226632,G,A,HBB,1.8585794505e-06,0,PASS,rs35819837
11,5226633,C,A,HBB,6.19580222e-06,0,PASS,rs33952147
11,5226633,C,T,HBB,6.195318569476161e-07,0,PASS,rs33952147
11,5226637,G,T,HBB,1.239052967e-06,0,PASS,rs1334966870
11,5226637,G,A,HBB,6.1957407999e-06,0,PASS,rs1334966870
11,5226639,T,C,HBB,6.195518162161492e-07,0,PASS,rs35960772
11,5226640,GC,G,HBB,6.195165045391975e-07,0,PASS,rs193922555
11,5226640,G,A,HBB,6.195165045391975e-07,0,PASS,
11,5226641,C,T,HBB,6.19543371753283e-07,0,PASS,rs1803195
11,5226642,C,T,HBB,6.195426040862552e-07,0,PASS,rs33930385
11,5226642,C,A,HBB,6.195426040862552e-07,0,PASS,rs33930385
11,5226643,C,T,HBB,3.0976017128e-06,0,PASS,rs33991993
11,5226644,T,C,HBB,1.0531858873e-05,0,PASS,rs33987903
11,5226644,T,A,HBB,3.0976055509e-06,0,PASS,rs33987903
11,5226646,G,T,HBB,5.76153204712e-05,1,PASS,rs145669504
11,5226646,G,A,HBB,2.4780782998e-06,0,PASS,rs145669504
11,5226646,G,C,HBB,6.8152135392e-06,0,PASS,rs145669504
11,5226652,G,A,HBB,1.8585794505e-06,0,PASS,rs764542454
11,5226653,T,G,HBB,6.195149693402042e-07,0,PASS,
11,5226658,G,A,HBB,1.8586070855e-06,0,PASS,rs33918483
11,5226658,G,T,HBB,6.195356951686129e-07,0,PASS,
11,5226661,A,G,HBB,6.195249482696668e-07,0,PASS,
11,5226662,G,T,HBB,6.195441394222132e-07,0,PASS,rs33985847
11,5226663,C,T,HBB,6.195809897682395e-07,0,PASS,rs35286210
11,5226669,C,T,HBB,3.7174260542e-06,0,PASS,rs33916541
11,5226669,C,A,HBB,6.19525715892941e-07,0,PASS,
11,5226670,A,G,HBB,6.195157369387497e-07,0,PASS,rs1444606190
11,5226672,C,T,HBB,6.8153486608e-06,0,PASS,rs33945705
11,5226674,C,T,HBB,6.195249482696668e-07,0,PASS,rs1564875157
11,5226674,C,CT,HBB,1.2390498965e-06,0,PASS,rs33969853
11,5226675,T,A,HBB,6.195395334371682e-07,0,PASS,
11,5226676,A,G,HBB,1.2391481599e-06,0,PASS,rs754481448
11,5226678,A,G,HBB,1.2390498965e-06,0,PASS,rs780759163
11,5226680,G,A,HBB,6.195326245880108e-07,0,PASS,rs33946401
11,5226682,A,T,HBB,6.195272511451961e-07,0,PASS,rs2133588276
11,5226683,C,T,HBB,1.2391926907e-06,0,PASS,rs34718174
11,5226684,C,G,HBB,6.195740799944486e-07,0,PASS,rs33947415
11,5226684,C,T,HBB,0.0004944207284961,4,PASS,rs33947415
11,5226685,G,T,HBB,3.0978550451e-06,0,PASS,rs112287010
11,5226685,G,A,HBB,0.0003959048936075,0,PASS,rs112287010
11,5226688,C,G,HBB,6.19528018774177e-07,0,PASS,
11,5226691,T,C,HBB,6.1952725114e-06,0,PASS,rs36092904
11,5226694,C,G,HBB,1.2390713903e-06,0,PASS,rs35747961
11,5226698,C,T,HBB,6.195379981240389e-07,0,PASS,rs33922018
11,5226699,C,T,HBB,6.195372304703279e-07,0,PASS,
11,5226700,A,G,HBB,1.2390683197e-06,0,PASS,rs749118003
11,5226703,A,G,HBB,6.195426040862552e-07,0,PASS,rs770878031
11,5226704,G,A,HBB,1.8587291497e-06,0,PASS,rs34151786
11,5226705,C,T,HBB,9.2934499764e-06,0,PASS,
11,5226706,C,G,HBB,6.195349275206088e-07,0,PASS,rs34446260
11,5226706,C,T,HBB,1.239069855e-06,0,PASS,
11,5226706,C,A,HBB,6.195349275206088e-07,0,PASS,rs34446260
11,5226709,C,T,HBB,1.2391358762e-06,0,PASS,rs1315584635
11,5226710,A,G,HBB,6.195548869869931e-07,0,PASS,rs33931779
11,5226711,C,T,HBB,6.195287864050603e-07,0,PASS,
11,5226711,C,A,HBB,6.195287864050603e-07,0,PASS,
11,5226712,C,T,HBB,6.93873100522e-05,1,PASS,rs34621955
11,5226716,G,A,HBB,2.4781028635e-06,0,PASS,
11,5226717,G,T,HBB,1.2390836728e-06,0,PASS,rs1487143007
11,5226718,G,A,HBB,5.5762841872e-06,0,PASS,rs35278874
11,5226719,T,C,HBB,2.1686033327e-05,0,PASS,rs34589620
11,5226721,G,A,HBB,2.4783024619e-06,0,PASS,rs193922551
11,5226722,C,T,HBB,1.2391834772e-06,0,PASS,rs34439278
11,5226723,C,T,HBB,6.195533515977661e-07,0,PASS,rs33935983
11,5226727,A,G,HBB,4.9565373629e-06,0,PASS,rs760975738
11,5226729,C,T,HBB,1.8586946016e-06,0,PASS,rs1300930245
11,5226730,A,G,HBB,6.195049907322053e-07,0,PASS,
11,5226732,C,T,HBB,2.4781028635e-06,0,PASS,rs36005841
11,5226733,A,G,HBB,1.8587153303e-06,0,PASS,rs777114006
11,5226734,T,C,HBB,6.195426040862552e-07,0,PASS,rs33919924
11,5226735,C,T,HBB,8.6739511334e-06,0,PASS,rs33961886
11,5226736,A,G,HBB,7.4342625335e-06,0,PASS,rs762111851
11,5226737,G,A,HBB,6.195241806482949e-07,0,PASS,
11,5226737,G,T,HBB,4.9565557885e-06,0,PASS,rs33969727
11,5226738,G,T,HBB,1.858570239e-06,0,PASS,rs281864894
11,5226739,A,G,HBB,6.195165045391975e-07,0,PASS,rs17850156
11,5226740,G,C,HBB,4.3368949566e-06,0,PASS,rs34676051
11,5226741,T,A,HBB,6.1965700745e-06,0,PASS,rs63750336
11,5226743,G,A,HBB,6.195809897682395e-07,0,PASS,rs33960931
11,5226745,C,T,HBB,1.2390406851e-06,0,PASS,rs750901840
11,5226748,A,G,HBB,4.9565926399e-06,0,PASS,rs754454495
11,5226750,C,T,HBB,6.195318569476161e-07,0,PASS,rs33932070
11,5226751,C,G,HBB,1.2391005616e-06,0,PASS,rs1554917961
11,5226752,C,T,HBB,6.195579577882773e-07,0,PASS,rs35303218
11,5226756,AG,A,HBB,5.5757176258e-06,0,PASS,rs80356820
11,5226760,C,T,HBB,6.195295540378459e-07,0,PASS,
11,5226761,T,G,HBB,6.196101660679167e-07,0,PASS,rs35262412
11,5226762,CAAAG,C,HBB,9.23105898213e-05,0,PASS,rs80356821
11,5226769,C,T,HBB,6.195341598745072e-07,0,PASS,
11,5226769,C,A,HBB,6.195794542496335e-07,0,PASS,rs33918778
11,5226770,C,T,HBB,2.10654143071e-05,0,PASS,rs34831026
11,5226771,T,C,HBB,6.195748477394811e-07,0,PASS,rs1469049809
11,5226774,G,A,HBB,0.0001573601167686,0,PASS,rs11549407
11,5226778,C,T,HBB,1.2390744609e-06,0,PASS,rs33974936
11,5226779,CA,C,HBB,1.8585955708e-06,0,PASS,rs63750532
11,5226783,G,T,HBB,1.2391834772e-06,0,PASS,rs33948615
11,5226784,G,T,HBB,3.0976209032e-06,0,PASS,rs33982568
11,5226784,G,A,HBB,6.8147659871e-06,0,PASS,rs33982568
11,5226786,A,G,HBB,6.1951957496001e-07,0,PASS,rs281864514
11,5226790,C,A,HBB,1.30117006168e-05,0,PASS,rs375797635
11,5226793,C,T,HBB,1.2391865483e-06,0,PASS,rs148298007
11,5226796,C,T,HBB,2.4785051639e-06,0,PASS,rs778841729
11,5226796,C,A,HBB,3.7177439242e-06,0,PASS,rs778841729
11,5226798,G,A,HBB,4.3375883009e-06,0,PASS,rs33956555
11,5226799,C,A,HBB,0.0001375582298858,0,PASS,rs1135071
11,5226799,C,G,HBB,1.239264868e-06,0,PASS,rs1135071
11,5226800,C,G,HBB,1.8587982497e-06,0,PASS,rs33943001
11,5226801,T,C,HBB,6.196470242690954e-07,0,PASS,rs63750513
11,5226802,A,G,HBB,2.4791564917e-06,0,PASS,rs34527846
11,5226802,A,C,HBB,2.4789690463e-06,0,PASS,rs34527846
11,5226804,G,A,HBB,1.2396289542e-06,0,PASS,rs1205031264
11,5226805,G,A,HBB,6.197814402729021e-07,0,PASS,rs1554918048
11,5226806,G,T,HBB,1.2396489314e-06,0,PASS,rs2133588899
11,5226807,T,TG,HBB,8.0577080655e-06,0,PASS,rs752631303
11,5226808,G,A,HBB,2.4801618057e-06,0,PASS,rs768952155
11,5226812,A,G,HBB,6.203943474630214e-07,0,PASS,
11,5226813,A,G,HBB,1.2413894126e-06,0,PASS,rs1428777319
11,5226814,A,G,HBB,1.2413740024e-06,0,PASS,rs35456885
11,5226814,A,C,HBB,6.206415447519792e-07,0,PASS,rs35456885
11,5226815,T,C,HBB,2.4831456489e-06,0,PASS,rs1480884739
11,5226816,A,G,HBB,1.2414664698e-06,0,PASS,rs1176965004
11,5226817,G,A,HBB,1.73879995479e-05,0,PASS,rs777028217
11,5226817,G,C,HBB,6.209544815526842e-07,0,PASS,
11,5226818,A,G,HBB,6.210046115802456e-07,0,PASS,rs1451581925
11,5226819,C,G,HBB,6.208611841312848e-07,0,PASS,
11,5226820,C,T,HBB,0.0001224982682351,0,PASS,rs35004220
11,5226820,C,G,HBB,6.217729981396552e-07,0,PASS,
11,5226821,A,G,HBB,3.1093637868e-06,0,PASS,
11,5226822,A,G,HBB,0.0010574164703189,18,PASS,rs111851677
11,5226823,T,C,HBB,3.1085866624e-06,0,PASS,rs773687221
11,5226823,T,A,HBB,6.216717250022691e-07,0,PASS,rs773687221
11,5226824,A,G,HBB,6.221281011530522e-07,0,PASS,
11,5226826,G,A,HBB,3.1141045267e-06,0,PASS,rs376272324
11,5226826,G,T,HBB,1.8683277345e-06,0,PASS,rs376272324
11,5226827,CAGAG,C,HBB,2.4926839725e-06,0,PASS,rs746824976
11,5226828,A,G,HBB,1.870179612e-06,0,PASS,
11,5226829,G,C,HBB,3.1326475758e-06,0,PASS,rs752175922
11,5226829,GAGAGAGTC,G,HBB,6.264808440952301e-07,0,PASS,
11,5226830,A,T,HBB,1.2527199682e-06,0,PASS,rs755640155
11,5226831,G,C,HBB,6.238170868490624e-07,0,PASS,rs1372536490
11,5226831,G,A,HBB,6.238170868490624e-07,0,PASS,rs1372536490
11,5226833,G,A,HBB,3.7620526762e-06,0,PASS,rs763696976
11,5226833,G,C,HBB,3.7623404767e-06,0,PASS,rs763696976
11,5226834,A,T,HBB,1.255872775e-06,0,PASS,rs753435791
11,5226835,G,C,HBB,1.2559532182e-06,0,PASS,rs199587927
11,5226835,G,A,HBB,6.2797503171e-06,0,PASS,rs199587927
11,5226837,C,T,HBB,9.3799127292e-06,0,PASS,rs370724350
11,5226838,A,T,HBB,1.2582161514e-06,0,PASS,rs750275131
11,5226839,G,A,HBB,5.28454773079e-05,0,PASS,rs556727592
11,5226839,G,T,HBB,6.291120335291549e-07,0,PASS,rs556727592
11,5226839,G,C,HBB,1.8873408499e-06,0,PASS,rs556727592
11,5226841,G,C,HBB,6.256632029951749e-07,0,PASS,
11,5226841,G,A,HBB,6.256632029951749e-07,0,PASS,
11,5226842,C,G,HBB,6.255489191765774e-07,0,PASS,
11,5226845,A,T,HBB,1.8763157664e-06,0,PASS,rs373538213
11,5226845,A,G,HBB,4.19074782956e-05,0,PASS,rs373538213
11,5226847,C,T,HBB,1.2560257836e-06,0,PASS,
11,5226853,C,T,HBB,6.267274174443309e-07,0,PASS,
11,5226854,C,T,HBB,1.2534281259e-06,0,PASS,rs1186575711
11,5226854,CCAA,C,HBB,9.4007227275e-06,0,PASS,
11,5226858,G,A,HBB,6.271511283703102e-07,0,PASS,rs1847576219
11,5226860,G,C,HBB,6.288129646141792e-07,0,PASS,
11,5226860,G,T,HBB,6.288137554266627e-07,0,PASS,
11,5226862,C,G,HBB,1.2559816124e-06,0,PASS,rs1847576297
11,5226863,T,C,HBB,6.275021648824688e-07,0,PASS,rs2133589012
11,5226863,T,G,HBB,1.8825064946e-06,0,PASS,
11,5226865,C,A,HBB,1.06699739401e-05,0,PASS,rs1170353179
11,5226865,C,T,HBB,1.255198089e-06,0,PASS,
11,5226865,C,G,HBB,6.275990445432146e-07,0,PASS,
11,5226867,C,T,HBB,6.282077860072998e-07,0,PASS,rs2133589019
11,5226869,G,A,HBB,2.76964021114e-05,0,PASS,rs747160822
11,5226869,G,C,HBB,6.294169333296407e-07,0,PASS,rs747160822
11,5226872,T,G,HBB,6.285876640928098e-07,0,PASS,rs1847576487
11,5226873,C,T,HBB,1.257649654e-06,0,PASS,rs962266675
11,5226873,C,A,HBB,5.6594305606e-06,0,PASS,rs962266675
11,5226874,C,G,HBB,8.1700989461e-06,0,PASS,rs1194364519
11,5226877,A,G,HBB,6.9188482004e-06,0,PASS,rs1847576718
11,5226878,T,A,HBB,9.432467307e-06,0,PASS,rs1453961979
11,5226880,C,T,HBB,6.920241076e-06,0,PASS,rs377447760
11,5226882,C,T,HBB,2.5152740013e-06,0,PASS,rs372778054
11,5226883,A,C,HBB,0.0002628696053559,0,PASS,rs369341845
11,5226884,G,A,HBB,6.28649309240139e-07,0,PASS,rs1847576979
11,5226884,G,C,HBB,6.28649309240139e-07,0,PASS,
11,5226885,T,C,HBB,3.7659866131e-06,0,PASS,rs773415134
11,5226886,T,C,HBB,6.278788244099195e-07,0,PASS,
11,5226889,T,C,HBB,6.273549335819331e-07,0,PASS,rs1847577181
11,5226890,A,C,HBB,1.2551429482e-06,0,PASS,rs375672426
11,5226890,A,G,HBB,1.2551429482e-06,0,PASS,rs375672426
11,5226891,T,C,HBB,3.63684702919e-05,0,PASS,rs372716225
11,5226893,G,T,HBB,3.1387398336e-06,0,PASS,rs372467642
11,5226893,G,C,HBB,6.277448142000899e-07,0,PASS,
11,5226893,G,A,HBB,5.0219585136e-06,0,PASS,rs372467642
11,5226894,G,GCATTCTAT,HBB,6.2671327742e-06,0,PASS,rs781015056
11,5226894,G,T,HBB,5.39013279782e-05,0,PASS,rs776904725
11,5226894,G,A,HBB,6.267132774221528e-07,0,PASS,rs776904725
11,5226895,T,C,HBB,6.260729324880514e-07,0,PASS,rs1847577579
11,5226896,C,T,HBB,6.260219808837928e-07,0,PASS,rs1405216303
11,5226898,CCTT,C,HBB,6.247407325959727e-07,0,PASS,
11,5226898,C,T,HBB,1.8742221977e-06,0,PASS,rs369168168
11,5226900,T,G,HBB,1.2471455955e-06,0,PASS,rs1589893221
11,5226900,T,C,HBB,6.235269176570353e-07,0,PASS,rs1589893221
11,5226902,A,G,HBB,8.1100976954e-06,0,PASS,rs565131043
11,5226904,A,G,HBB,9.3475765473e-06,0,PASS,rs1035809053
11,5226905,C,A,HBB,6.226929227213175e-07,0,PASS,rs375739101
11,5226905,C,T,HBB,6.227386801676413e-07,0,PASS,rs375739101
11,5226905,C,G,HBB,1.2453858454e-06,0,PASS,
11,5226906,C,A,HBB,6.223751328770908e-07,0,PASS,
11,5226906,C,G,HBB,6.223751328770908e-07,0,PASS,rs1847578084
11,5226908,G,A,HBB,1.2451299853e-06,0,PASS,rs1232883523
11,5226908,G,T,HBB,1.2452214626e-06,0,PASS,rs1232883523
11,5226908,G,C,HBB,1.2451315356e-06,0,PASS,rs1232883523
11,5226909,T,C,HBB,1.2440162816e-06,0,PASS,rs369482557
11,5226910,C,T,HBB,6.216554934452645e-07,0,PASS,rs372840436
11,5226911,T,G,HBB,6.215125377724244e-07,0,PASS,
11,5226912,T,C,HBB,6.213626981059622e-07,0,PASS,rs2133589125
11,5226913,G,A,HBB,6.21371192237334e-07,0,PASS,rs1308676559
11,5226915,A,G,HBB,6.211403889084203e-07,0,PASS,rs2133589130
11,5226916,A,G,HBB,6.209066727598308e-07,0,PASS,rs1391681456
11,5226917,C,G,HBB,6.207008705950411e-07,0,PASS,
11,5226917,C,T,HBB,6.207008705950411e-07,0,PASS,
11,5226918,C,G,HBB,6.205244672797449e-07,0,PASS,
11,5226920,T,G,HBB,6.2043668815e-06,0,PASS,
11,5226923,T,C,HBB,1.240694789e-06,0,PASS,rs63750195
11,5226924,A,G,HBB,7.38140134974e-05,1,PASS,rs35724775
11,5226924,A,C,HBB,6.202858277094085e-07,0,PASS,
11,5226925,C,A,HBB,1.2405208699e-06,0,PASS,rs33915217
11,5226925,C,G,HBB,0.0002915224044271,2,PASS,rs33915217
11,5226925,C,T,HBB,1.2405208699e-06,0,PASS,rs33915217
11,5226926,C,A,HBB,6.203196879543842e-07,0,PASS,
11,5226928,A,C,HBB,6.201435012061791e-07,0,PASS,rs33956879
11,5226928,A,G,HBB,3.1009444236e-06,0,PASS,rs33956879
11,5226929,C,A,HBB,2.79024431379e-05,0,PASS,rs33971440
11,5226929,C,T,HBB,4.65006696096e-05,0,PASS,rs33971440
11,5226930,C,T,HBB,4.3401432247e-06,0,PASS,rs33960103
11,5226930,C,G,HBB,4.21644761807e-05,0,PASS,rs33960103
11,5226932,G,A,HBB,3.1007098144e-06,0,PASS,rs35578002
11,5226932,G,T,HBB,2.4805709282e-06,0,PASS,rs35578002
11,5226934,C,T,HBB,6.198552018248537e-07,0,PASS,rs33974277
11,5226934,C,A,HBB,1.2398010863e-06,0,PASS,rs33974277
11,5226935,C,A,HBB,5.5788143903e-06,0,PASS,rs1191121382
11,5226935,C,T,HBB,1.2396458579e-06,0,PASS,rs1191121382
11,5226936,A,AG,HBB,6.198252340769997e-07,0,PASS,rs35532010
11,5226937,G,A,HBB,9.918851397e-06,0,PASS,rs33958088
11,5226938,G,T,HBB,4.9597577654e-06,0,PASS,rs748296717
11,5226938,G,A,HBB,1.2398487384e-06,0,PASS,rs748296717
11,5226939,G,A,HBB,1.2397319203e-06,0,PASS,rs33954632
11,5226939,G,C,HBB,6.198659601847696e-07,0,PASS,rs33954632
11,5226940,C,A,HBB,2.4792271753e-06,0,PASS,rs35424040
11,5226943,C,CA,HBB,6.196846548728283e-07,0,PASS,rs35619688
11,5226943,C,T,HBB,0.000223706160409,5,PASS,rs33950507
11,5226944,A,C,HBB,1.05356967999e-05,0,PASS,rs373379910
11,5226945,C,T,HBB,6.197322756569162e-07,0,PASS,rs35474880
11,5226947,A,T,HBB,7.4366674805e-06,0,PASS,rs33951465
11,5226952,C,A,HBB,3.098004761e-06,0,PASS,rs33929459
11,5226953,T,A,HBB,6.196493280522687e-07,0,PASS,rs281864513
11,5226954,T,G,HBB,3.7181586191e-06,0,PASS,rs33936254
11,5226954,T,C,HBB,6.196470242690954e-07,0,PASS,rs33936254
11,5226955,C,G,HBB,3.0363381514e-05,0,PASS,rs33959855
11,5226955,C,A,HBB,6.196216837847483e-07,0,PASS,rs33959855
11,5226955,C,T,HBB,3.0980777047e-06,0,PASS,rs33959855
11,5226955,CATCCACGTTCACCT,C,HBB,1.8590055807e-06,0,PASS,rs1847583183
11,5226956,A,G,HBB,6.197146090282503e-07,0,PASS,rs373362317
11,5226958,C,G,HBB,6.1960479127993e-07,0,PASS,rs33950093
11,5226961,C,G,HBB,6.196093982353524e-07,0,PASS,rs35890959
11,5226961,C,T,HBB,4.9572376289e-06,0,PASS,rs35890959
11,5226962,G,T,HBB,2.4786464607e-06,0,PASS,rs63750840
11,5226962,G,A,HBB,1.17744316357e-05,0,PASS,rs63750840
11,5226966,A,C,HBB,2.4785082354e-06,0,PASS,rs35382661
11,5226969,T,G,HBB,6.196063269241255e-07,0,PASS,rs369865419
11,5226970,T,A,HBB,1.17718929327e-05,0,PASS,rs33986703
11,5226970,TG,T,HBB,1.42501861817e-05,1,PASS,rs35662066
11,5226972,C,T,HBB,4.89564225868e-05,0,PASS,rs33962676
11,5226973,C,T,HBB,1.2393032637e-06,0,PASS,rs63751285
11,5226974,C,T,HBB,2.4785942404e-06,0,PASS,rs34716011
11,5226975,C,T,HBB,3.22236020533e-05,0,PASS,rs63750783
11,5226975,CA,C,HBB,1.2393693097e-06,0,PASS,rs63749960
11,5226976,A,AC,HBB,6.197261306283528e-07,0,PASS,rs35383398
11,5226977,C,G,HBB,6.196861909129217e-07,0,PASS,
11,5226977,C,T,HBB,2.10708712557e-05,0,PASS,rs762782573
11,5226978,A,G,HBB,3.7189283536e-06,0,PASS,rs33935445
11,5226978,A,C,HBB,1.239552125e-06,0,PASS,rs33935445
11,5226981,G,A,HBB,1.42558213336e-05,0,PASS,rs35203747
11,5226982,C,A,HBB,6.197100005081622e-07,0,PASS,rs766266418
11,5226984,G,A,HBB,6.198613494133633e-07,0,PASS,
11,5226985,TA,T,HBB,6.198859409868584e-07,0,PASS,rs34856846
11,5226988,C,T,HBB,5.45553060614e-05,0,PASS,rs33974228
11,5226989,G,T,HBB,1.42588615724e-05,1,PASS,rs35799536
11,5226989,G,A,HBB,2.23199062563e-05,0,PASS,rs35799536
11,5226989,G,C,HBB,1.2399010063e-06,0,PASS,
11,5226990,G,A,HBB,6.199566526308481e-07,0,PASS,rs33947457
11,5226991,C,T,HBB,2.4793962174e-06,0,PASS,rs63750717
11,5226992,A,C,HBB,6.198882465469126e-07,0,PASS,rs1847587096
11,5226993,G,C,HBB,1.2397811042e-06,0,PASS,rs33918131
11,5226994,A,AC,HBB,0.0001301783070869,2,PASS,rs35699606
11,5226994,A,T,HBB,1.2397949379e-06,0,PASS,
11,5226995,CTT,C,HBB,8.6784462109e-06,0,PASS,rs35497102
11,5226995,C,T,HBB,1.859803084e-06,0,PASS,rs35198910
11,5226997,TCTC,T,HBB,6.201719612814241e-07,0,PASS,rs63750928
11,5226999,T,C,HBB,2.4809370995e-06,0,PASS,rs34387455
11,5227001,CT,C,HBB,1.42687336064e-05,0,PASS,rs63749819
11,5227002,T,A,HBB,0.002652345326421,40,PASS,rs334
11,5227002,T,G,HBB,6.208503911978315e-07,0,PASS,rs334
11,5227003,C,T,HBB,0.0007361749936376,7,PASS,rs33930165
11,5227003,CAG,C,HBB,2.3587306553e-05,2,PASS,rs34889882
11,5227003,C,A,HBB,1.2414341046e-06,0,PASS,rs33930165
11,5227004,A,G,HBB,6.207224464409637e-07,0,PASS,rs2133589583
11,5227006,G,A,HBB,1.61489880795e-05,0,PASS,rs33912272
11,5227006,G,C,HBB,8.6962247203e-06,0,PASS,rs33912272
11,5227007,A,T,HBB,1.2421511573e-06,0,PASS,
11,5227008,G,C,HBB,6.211481053119344e-07,0,PASS,
11,5227008,G,A,HBB,6.211481053119344e-07,0,PASS,
11,5227012,G,A,HBB,1.05914911698e-05,0,PASS,rs34126315
11,5227013,A,T,HBB,1.2442918113e-06,0,PASS,rs713040
11,5227013,A,G,HBB,0.8158846632126935,539839,PASS,rs713040
11,5227014,T,C,HBB,1.877539372e-06,0,PASS,rs33983205
11,5227016,C,A,HBB,4.382334933e-06,0,PASS,rs1349384278
11,5227017,A,C,HBB,6.262266213946568e-07,0,PASS,rs33949930
11,5227017,A,G,HBB,2.5048970737e-06,0,PASS,rs33949930
11,5227018,C,T,HBB,5.6412680066e-06,0,PASS,rs33958358
11,5227020,A,C,HBB,6.27259703080347e-07,0,PASS,rs33941849
11,5227020,A,G,HBB,1.2545194061e-06,0,PASS,rs33941849
11,5227020,A,T,HBB,6.27259703080347e-07,0,PASS,rs33941849
11,5227021,T,G,HBB,1.2611867262e-06,0,PASS,rs34563000
11,5227022,G,A,HBB,1.2561409591e-06,0,PASS,
11,5227023,G,A,HBB,2.5189107222e-06,0,PASS,
11,5227024,T,C,HBB,6.298300088806031e-07,0,PASS,rs1847589920
11,5227025,G,A,HBB,1.2659654062e-06,0,PASS,rs1035531758
11,5227027,CTGTT,C,HBB,1.77704213874e-05,0,PASS,rs34196559
11,5227027,C,G,HBB,1.2694108791e-06,0,PASS,rs1337405246
11,5227029,G,C,HBB,3.8307277999e-06,0,PASS,rs1319747765
11,5227029,G,A,HBB,1.9153638999e-06,0,PASS,rs1319747765
11,5227030,T,G,HBB,6.382394802177673e-07,0,PASS,rs1201612275
11,5227031,T,A,HBB,6.411514053397654e-07,0,PASS,rs747545656
11,5227031,T,C,HBB,5.1292178199e-06,0,PASS,rs747545656
11,5227032,T,G,HBB,1.2817489207e-06,0,PASS,rs1447873672
11,5227033,G,C,HBB,4.5312781181e-06,0,PASS,rs113115948
11,5227033,G,A,HBB,1.9419763363e-06,0,PASS,rs113115948
11,5227035,G,A,HBB,3.2653573019e-06,0,PASS,
11,5227036,G,T,HBB,6.526767579195798e-07,0,PASS,rs193922550
11,5227039,G,A,HBB,6.671790601848887e-07,0,PASS,rs34135787
11,5227040,C,G,HBB,6.695492995844777e-07,0,PASS,rs1239893012
11,5227040,C,T,HBB,6.695492995844777e-07,0,PASS,
11,5227042,A,G,HBB,4.7509936363e-06,0,PASS,rs772919319
11,5227043,G,A,HBB,6.786617875408555e-07,0,PASS,
11,5227045,G,T,HBB,1.3691877977e-06,0,PASS,rs762692752
11,5227045,G,A,HBB,6.846398315238303e-07,0,PASS,rs762692752
11,5227048,C,A,HBB,4.1323452436e-06,0,PASS,rs1847590550
11,5227050,C,T,HBB,4.2128500351e-06,0,PASS,rs34704828
11,5227050,C,A,HBB,1.404283345e-06,0,PASS,rs34704828
11,5227050,C,G,HBB,7.020835030035132e-07,0,PASS,
11,5227051,A,G,HBB,7.000330415595616e-07,0,PASS,
11,5227052,G,T,HBB,1.4042064408e-06,0,PASS,rs63750628
11,5227052,G,A,HBB,3.37036995427e-05,0,PASS,rs63750628
11,5227053,T,C,HBB,7.031696073219645e-07,0,PASS,
11,5227053,T,G,HBB,2.8126784292e-06,0,PASS,
11,5227057,G,T,HBB,7.23732491101709e-07,0,PASS,
11,5227060,A,C,HBB,7.369403122563491e-07,0,PASS,rs1479243788
11,5227061,G,A,HBB,7.459958671828958e-07,0,PASS,
11,5227061,G,T,HBB,7.459980932288737e-07,0,PASS,
11,5227063,A,C,HBB,7.90361384839604e-07,0,PASS,
11,5227069,T,C,HBB,7.984809698030467e-07,0,PASS,
11,5227070,G,A,HBB,1.6246821715e-06,0,PASS,
11,5227071,T,G,HBB,6.57426976907e-05,1,PASS,rs34305195
11,5227071,T,A,HBB,8.115618345192957e-07,0,PASS,
11,5227072,A,G,HBB,8.20923303005e-05,1,PASS,rs386134236
11,5227076,A,C,HBB,8.361707393756146e-07,0,PASS,
11,5227076,A,G,HBB,8.361707393756146e-07,0,PASS,
11,5227077,A,G,HBB,2.5091122593e-06,0,PASS,rs1463214708
11,5227078,T,C,HBB,2.5426228341e-06,0,PASS,rs1418232313
11,5227080,G,A,HBB,8.504963496696673e-07,0,PASS,
11,5227087,C,G,HBB,8.945423968368981e-07,0,PASS,
11,5227090,C,A,HBB,8.985920859197808e-07,0,PASS,
11,5227090,C,T,HBB,8.985920859197808e-07,0,PASS,rs2133589763
11,5227091,C,G,HBB,9.04689184983607e-07,0,PASS,
11,5227091,C,T,HBB,1.8095715477e-06,0,PASS,rs954327894
11,5227092,C,T,HBB,6.4018261666e-06,0,PASS,rs1554918264
11,5227092,C,G,HBB,9.144479112180812e-07,0,PASS,
11,5227094,G,A,HBB,9.472100874085468e-07,0,PASS,rs1554918265
11,5227095,A,G,HBB,2.8670875551e-06,0,PASS,rs1847591152
11,5227096,CTT,C,HBB,9.707814207968562e-07,0,PASS,rs63750953
11,5227096,C,G,HBB,1.55324725754e-05,0,PASS,rs63750400
11,5227096,C,T,HBB,1.9415590719e-06,0,PASS,rs63750400
